url,is_phishing
"http://google.site/confirm?redirect=46535",1
"http://n3tf1ix.com/validate?auth=true",1
"http://account53.com/confirm?redirect=89b6c25a0ef516125d9a4d8a782338da",1
"http://116.7.30.120/password?user=80a69728-dc57-4394-8a85-16a1aa7a5c47",1
"http://bank13.com/confirm?auth=c0d9fadc07ddaae5496790d6ffd614fb",1
"http://amazon-secure.com/reset?auth=16b4c13abf81ede19320087c1bd26fba5472d96e879825ed7c6fc30f38e9306b",1
"http://49.200.101.187/confirm?session=true",1
"http://secure-secure.com/login",1
"http://148.15.195.113/login?id=d02d3771ce0b216348679769d870bbab",1
"http://app13.com/password?user=true",1
"http://googlv.com/signin?token=ad5a9653fb99d000156d431b03095bd7208ea09fb742de758affcb7abaa28397",1
"http://linkedin77.com/recover?token=dd8dc9cbf04e615559739526318730978327400cba6e415ff41a398d17fbc7a1",1
"http://netflix.provide.com/login?token=84039cbd98c3f98a4d82b1c45b1459da",1
"http://linkedin.few.com/validate?redirect=baileybryan",1
"http://microsofv.com/account?id=true",1
"http://netflix.net/update?auth=ec49697f1e09548bbef7994e9e5b04e2",1
"http://secure-bank.com/validate?user=arthurross",1
"http://212.5.195.247/login",1
"http://secure-facebook.com/secure?redirect=35415",1
"http://banv.com/validate?auth=true",1
"http://linkediv.com/update?auth=true",1
"http://apple-secure.com/signin",1
"http://app13.com/signin?token=872626d5e54e70ff906277b133fea50c6cc5ad630cbb670fdb0d16677cf7131f",1
"http://amazon.give.com/validate?session=a2563abb-47b9-4a54-8640-66a2f11a9e77",1
"http://pressure.sometimes.paypal.com/reset?id=morganbrown",1
"http://perhaps.recognize.apple.com/update?account=981fb51d-8e96-4785-bf71-0b4447298903",1
"http://netflix.husband.com/account?auth=garzaharold",1
"http://ebay.window.com/login?token=faf000ae9b20458f89f709672af399a2",1
"http://g00g13.com/signin?auth=75094",1
"http://facebook.many.com/update?id=1e34ca6bfa17dda77ae6a856480d97c1",1
"http://secure81.com/secure?session=66237053-0da9-4b6f-838f-7ad16ed322b0",1
"http://account-144.com/login?account=kdean",1
"http://card.face.microsoft.com/update?session=a6ca7807e92e92eaeae7d95631c86827",1
"http://linkedin60.com/password?user=82411",1
"http://google-826.com/recover?redirect=true",1
"http://55.41.54.55/signin?auth=nelsonhannah",1
"http://bank.com/password?auth=6af882a527306df38e69a06345d6dfb25415a3d342899fc23f7cc3953d45eebb",1
"http://google-secure.com/signin",1
"http://paypal-secure.com/recover?session=23431",1
"http://bank.com/verification?user=hsnyder",1
"http://secure-microsoft.com/account?user=30362",1
"http://54.154.134.163/secure",1
"http://paypa1.com/secure?auth=759bdbd3dcb9d1198f0f89f8132b9b1e488ec45f2a3524c237e7d83c5cdd4253",1
"http://netflix-945.com/login?id=030dd785-c88b-416c-bc7b-231bbecef5cd",1
"http://facebook-secure.com/confirm?account=kmcclain",1
"http://google-746.com/password",1
"http://paypal.return.com/verification?user=54218",1
"http://amaz0n.com/account?token=true",1
"http://secure-apple.com/account?user=jamesmiller",1
"http://out.step.amazon.com/login?token=f368ef6b25c7096e467ebc203e66677dfcb23016328b9bbe441d5ed1ecfc7f3e",1
"http://secure-ebay.com/update?account=true",1
"http://secure-account.com/validate?auth=1b90634c-9783-4dd4-bda4-59c7ccdda470",1
"http://facebook.com/confirm",1
"http://google-secure.com/reset?redirect=true",1
"http://bank.online/update?redirect=46814",1
"http://tend.trial.account.com/login",1
"http://app13.com/confirm?id=a0d2c46dfd18ff9191ae26add44470a5",1
"http://google-225.com/login",1
"http://secure62.com/signin?redirect=62194d04-42e2-4ad6-819a-b7175b7a794f",1
"http://microsofo.com/validate?id=true",1
"http://ebay14.com/update?redirect=84135305-6f9c-4275-8d32-5c6a351969ae",1
"http://account52.com/login",1
"http://amazon-313.com/update",1
"http://101.7.222.207/account?auth=true",1
"http://ebay-777.com/validate",1
"http://bani.com/alert?session=0c8ea537599b05fd9c1b61d77119558e",1
"http://226.188.56.4/update",1
"http://microsoft-452.com/secure",1
"http://micr0s0ft.com/login?session=true",1
"http://secure-paypal.com/secure?session=f1a31f7b-bebc-4e6d-bb44-eccc671e6c45",1
"http://1ink3din.com/recover?account=896550828f6719cb581c1be80c0c70f8d6fb4f7eec98ac97374b76ee497a5fa1",1
"http://secure-secure.com/password?account=9876514d973a92d94975eff78aea7eec4c3fea76bed4231356805c27678b1021",1
"http://paypal-147.com/alert?account=6701f2645d21ec78af246d31f328d96a3e5969c0363eb4bad10efc5c1c454d0f",1
"http://225.239.241.38/secure?auth=true",1
"http://linkediz.com/recover?auth=true",1
"http://s3cur3.com/password?auth=fd7c7c11-ebe0-4bc8-ad33-3dba052a6d48",1
"http://secure-paypal.com/reset",1
"http://paypal14.com/password?session=16798",1
"http://16.189.61.123/account",1
"http://3bay.com/update?redirect=mannkelly",1
"http://ebay30.com/confirm",1
"http://secure.even.com/confirm?account=f891ecefc19fb82e203cd5950737d9ea",1
"http://microsoft28.com/signin",1
"http://google-853.com/signin?auth=2b921e245a7ca7901f74f68be70e376a1683b7dade2dcf6984330177c39cd90c",1
"http://secure-secure.com/signin?token=24897",1
"http://s3cur3.com/signin",1
"http://paypal-secure.com/verification",1
"http://netflix12.com/login?session=03b2be8743018b85a9456ce011da9929260ca5e4e3629ef7efa549c862749806",1
"http://232.167.26.36/signin",1
"http://secure-apple.com/password?account=749fbdcc59e00d8c2638af45e2825d0a",1
"http://account.tk/recover",1
"http://microsoft-888.com/update?user=steve26",1
"http://paypal14.com/confirm",1
"http://paypal.must.com/confirm?user=48637",1
"http://139.29.29.22/signin",1
"http://228.241.100.2/validate",1
"http://accoune.com/confirm",1
"http://secure63.com/account?session=herrerajennifer",1
"http://google.ml/login?user=5c49277410ce1be1d0350a8eab66e8361736540e218d333375ecd96c273622ee",1
"http://netflix.tk/password",1
"https://wikipedia.co.uk/services",0
"https://github.io/settings?ref=584",0
"https://wikipedia.app/services",0
"https://youtube.edu/blog",0
"https://nytimes.org/news",0
"https://facebook.app/news?ref=sense",0
"https://youtube.edu/support",0
"https://twitter.gov/login",0
"https://wikipedia.edu/support",0
"https://reddit.edu?source=camera",0
"https://netflix.net/contact?ref=home",0
"https://linkedin.com/account",0
"https://microsoft.io/blog?q=53",0
"https://linkedin.co.uk/home?ref=6",0
"https://apple.edu/help?source=direct",0
"https://apple.org/products",0
"https://twitter.gov/settings?user=johnsonsusan",0
"https://facebook.io?ref=45",0
"https://youtube.gov/products?ref=direct",0
"https://wikipedia.io/help",0
"https://netflix.gov",0
"https://wikipedia.app/home",0
"https://youtube.net/support",0
"https://apple.net/login?id=rodriguezjacob",0
"https://linkedin.co.uk/login?page=value",0
"https://reddit.org/home",0
"https://github.edu/help?user=home",0
"https://wikipedia.com/account?ref=721",0
"https://youtube.org/login",0
"https://wikipedia.net/products",0
"https://google.ca/news",0
"https://google.net/products?ref=22",0
"https://google.net/services",0
"https://nytimes.io/news",0
"https://linkedin.gov/help?user=direct",0
"https://nytimes.co.uk/contact",0
"https://google.io/home",0
"https://reddit.org/settings",0
"https://apple.org/home",0
"https://youtube.ca/blog",0
"https://amazon.edu/help?user=williamaustin",0
"https://amazon.ca/settings",0
"https://facebook.com/help",0
"https://amazon.gov/products?ref=52",0
"https://wikipedia.io/settings?ref=east",0
"https://apple.io",0
"https://wikipedia.com/contact",0
"https://nytimes.ca/contact",0
"https://wikipedia.net/about",0
"https://google.io/login",0
"https://reddit.org/login?q=amandaburnett",0
"https://amazon.net/about?id=karenmartin",0
"https://wikipedia.gov/services",0
"https://reddit.net/products",0
"https://google.org/blog",0
"https://amazon.com/home",0
"https://microsoft.ca/contact?q=number",0
"https://apple.org/support",0
"https://github.net/products?user=home",0
"https://microsoft.app/support",0
"https://github.com/blog",0
"https://reddit.co.uk/help?page=direct",0
"https://google.com/help",0
"https://linkedin.edu/news",0
"https://google.edu/login",0
"https://facebook.gov/blog?source=Republican",0
"https://nytimes.edu/settings?ref=james74",0
"https://amazon.ca/news",0
"https://wikipedia.app/blog",0
"https://wikipedia.co.uk",0
"https://netflix.io/news",0
"https://amazon.ca/account",0
"https://reddit.ca/services",0
"https://facebook.com/settings",0
"https://microsoft.gov/help",0
"https://nytimes.app/support?source=dawn64",0
"https://amazon.net/about?page=lisayoung",0
"https://google.gov/support?ref=12",0
"https://linkedin.net",0
"https://reddit.co.uk/services",0
"https://apple.gov/settings",0
"https://google.app/news?source=95",0
"https://apple.ca/blog?ref=home",0
"https://amazon.net/home",0
"https://microsoft.com",0
"https://wikipedia.com/services",0
"https://wikipedia.app/account",0
"https://nytimes.net/news",0
"https://wikipedia.app",0
"https://linkedin.edu/help?source=karenconley",0
"https://netflix.io/services",0
"https://facebook.net/home",0
"https://facebook.com/login",0
"https://reddit.io",0
"https://reddit.edu/support",0
"https://google.io/login",0
"https://linkedin.com/products",0
"https://nytimes.app/home?user=away",0
"https://github.io/home?id=67",0
"https://facebook.net/contact?ref=seek",0
